repo_name,easy_file,hard_file
grycap/im,IM/REST.py,IM/CloudInfo.py
grycap/im,IM/REST.py,IM/InfrastructureInfo.py
grycap/im,docker-py3/msal_client.py,IM/connectors/OSCAR.py
Abjad/abjad,abjad/wf.py,abjad/_inspect.py
Abjad/abjad,abjad/wf.py,abjad/parsers/reduced.py
Abjad/abjad,abjad/wf.py,abjad/typedcollections.py
Abjad/abjad,abjad/wf.py,abjad/iterate.py
Abjad/abjad,abjad/tag.py,abjad/typedcollections.py
Abjad/abjad,abjad/tag.py,abjad/parsers/reduced.py
Abjad/abjad,abjad/tag.py,abjad/_inspect.py
Abjad/abjad,abjad/tag.py,abjad/iterate.py
Abjad/abjad,abjad/ratio.py,abjad/typedcollections.py
Abjad/abjad,abjad/ratio.py,abjad/iterate.py
Abjad/abjad,abjad/ratio.py,abjad/parsers/reduced.py
Abjad/abjad,abjad/ratio.py,abjad/_inspect.py
Abjad/abjad,abjad/bundle.py,abjad/typedcollections.py
Abjad/abjad,abjad/bundle.py,abjad/_inspect.py
Abjad/abjad,abjad/bundle.py,abjad/parsers/reduced.py
Abjad/abjad,abjad/bundle.py,abjad/iterate.py
Abjad/abjad,abjad/format.py,abjad/typedcollections.py
Abjad/abjad,abjad/format.py,abjad/iterate.py
Abjad/abjad,abjad/format.py,abjad/parsers/reduced.py
Abjad/abjad,abjad/format.py,abjad/_inspect.py
Abjad/abjad,abjad/string.py,abjad/typedcollections.py
Abjad/abjad,abjad/string.py,abjad/iterate.py
Abjad/abjad,abjad/string.py,abjad/parsers/reduced.py
Abjad/abjad,abjad/string.py,abjad/_inspect.py
Abjad/abjad,abjad/lyproxy.py,abjad/parsers/reduced.py
Abjad/abjad,abjad/lyproxy.py,abjad/typedcollections.py
Abjad/abjad,abjad/lyproxy.py,abjad/_inspect.py
Abjad/abjad,abjad/lyproxy.py,abjad/iterate.py
Abjad/abjad,abjad/pattern.py,abjad/typedcollections.py
Abjad/abjad,abjad/pattern.py,abjad/parsers/reduced.py
Abjad/abjad,abjad/pattern.py,abjad/_inspect.py
Abjad/abjad,abjad/pattern.py,abjad/iterate.py
Abjad/abjad,abjad/_iterate.py,abjad/iterate.py
Abjad/abjad,abjad/_iterate.py,abjad/_inspect.py
Abjad/abjad,abjad/_iterate.py,abjad/typedcollections.py
Abjad/abjad,abjad/_iterate.py,abjad/parsers/reduced.py
Abjad/abjad,abjad/duration.py,abjad/parsers/reduced.py
Abjad/abjad,abjad/duration.py,abjad/iterate.py
Abjad/abjad,abjad/duration.py,abjad/typedcollections.py
Abjad/abjad,abjad/duration.py,abjad/_inspect.py
Abjad/abjad,abjad/timespan.py,abjad/typedcollections.py
Abjad/abjad,abjad/timespan.py,abjad/parsers/reduced.py
Abjad/abjad,abjad/timespan.py,abjad/iterate.py
Abjad/abjad,abjad/timespan.py,abjad/_inspect.py
Abjad/abjad,abjad/overrides.py,abjad/parsers/reduced.py
Abjad/abjad,abjad/overrides.py,abjad/iterate.py
Abjad/abjad,abjad/overrides.py,abjad/_inspect.py
Abjad/abjad,abjad/overrides.py,abjad/typedcollections.py
Abjad/abjad,abjad/cyclictuple.py,abjad/typedcollections.py
Abjad/abjad,abjad/cyclictuple.py,abjad/_inspect.py
Abjad/abjad,abjad/cyclictuple.py,abjad/iterate.py
Abjad/abjad,abjad/cyclictuple.py,abjad/parsers/reduced.py
Abjad/abjad,abjad/iterpitches.py,abjad/_inspect.py
Abjad/abjad,abjad/iterpitches.py,abjad/typedcollections.py
Abjad/abjad,abjad/iterpitches.py,abjad/parsers/reduced.py
Abjad/abjad,abjad/iterpitches.py,abjad/iterate.py
Abjad/abjad,abjad/lilypondfile.py,abjad/iterate.py
Abjad/abjad,abjad/lilypondfile.py,abjad/typedcollections.py
Abjad/abjad,abjad/lilypondfile.py,abjad/_inspect.py
Abjad/abjad,abjad/lilypondfile.py,abjad/parsers/reduced.py
Abjad/abjad,abjad/parsers/parser.py,abjad/typedcollections.py
Abjad/abjad,abjad/parsers/parser.py,abjad/parsers/reduced.py
Abjad/abjad,abjad/parsers/parser.py,abjad/iterate.py
Abjad/abjad,abjad/parsers/parser.py,abjad/_inspect.py
FNNDSC/pman,pman/config.py,pman/kubernetesmgr.py
mmgen/mmgen,mmgen/proto/btc.py,mmgen/twctl.py
mmgen/mmgen,mmgen/proto/btc.py,mmgen/fileutil.py
mmgen/mmgen,mmgen/tx/__init__.py,mmgen/fileutil.py
mmgen/mmgen,mmgen/tx/__init__.py,mmgen/twctl.py
mozman/ezdxf,src/ezdxf/query.py,src/ezdxf/addons/odafc.py
Neutree/COMTool,COMTool/conn/base.py,COMTool/version.py
Neutree/COMTool,COMTool/conn/base.py,COMTool/conn/conn_serial.py
Neutree/COMTool,COMTool/plugins/base.py,COMTool/version.py
Neutree/COMTool,COMTool/plugins/base.py,COMTool/conn/conn_serial.py
kizniche/Mycodo,mycodo/utils/influx.py,mycodo/mycodo_client.py
kizniche/Mycodo,mycodo/utils/influx.py,mycodo/mycodo_daemon.py
kizniche/Mycodo,mycodo/inputs/mqtt_paho.py,mycodo/controllers/controller_input.py
kizniche/Mycodo,mycodo/inputs/mqtt_paho.py,mycodo/controllers/controller_trigger.py
kizniche/Mycodo,mycodo/inputs/mqtt_paho_json.py,mycodo/functions/display_generic_lcd_20x4_i2c.py
kizniche/Mycodo,mycodo/inputs/mqtt_paho_json.py,mycodo/functions/display_grove_lcd_16x2_i2c.py
kizniche/Mycodo,mycodo/inputs/mqtt_paho_json.py,mycodo/functions/display_ssd1306_oled_128x32_i2c.py
kizniche/Mycodo,mycodo/inputs/mqtt_paho_json.py,mycodo/functions/display_ssd1309_oled_128x64_i2c.py
kizniche/Mycodo,mycodo/inputs/mqtt_paho_json.py,mycodo/outputs/grove_motor_driver_v1_3.py
kizniche/Mycodo,mycodo/inputs/mqtt_paho_json.py,mycodo/functions/display_ssd1306_oled_128x64_spi.py
kizniche/Mycodo,mycodo/inputs/mqtt_paho_json.py,mycodo/inputs/atlas_humidity.py
kizniche/Mycodo,mycodo/inputs/mqtt_paho_json.py,mycodo/functions/display_ssd1306_oled_128x32_spi.py
kizniche/Mycodo,mycodo/inputs/mqtt_paho_json.py,mycodo/functions/display_ssd1306_oled_128x64_i2c.py
kizniche/Mycodo,mycodo/inputs/mqtt_paho_json.py,mycodo/functions/display_generic_lcd_16x2_i2c.py
kizniche/Mycodo,mycodo/controllers/controller_lcd.py,mycodo/controllers/controller_trigger.py
kizniche/Mycodo,mycodo/controllers/controller_lcd.py,mycodo/controllers/controller_input.py
kizniche/Mycodo,mycodo/controllers/controller_pid.py,mycodo/controllers/controller_trigger.py
kizniche/Mycodo,mycodo/controllers/controller_pid.py,mycodo/controllers/controller_input.py
kizniche/Mycodo,mycodo/controllers/controller_math.py,mycodo/controllers/controller_trigger.py
kizniche/Mycodo,mycodo/controllers/controller_math.py,mycodo/controllers/controller_input.py
pypa/setuptools,setuptools/_vendor/importlib_metadata/_compat.py,setuptools/_vendor/importlib_metadata/__init__.py
pypa/setuptools,setuptools/_vendor/importlib_metadata/_compat.py,setuptools/_importlib.py
Kozea/WeasyPrint,weasyprint/__init__.py,weasyprint/draw.py
Kozea/WeasyPrint,weasyprint/text/line_break.py,weasyprint/text/ffi.py
pantsbuild/pants,src/python/pants/backend/scala/bsp/spec.py,src/python/pants/bsp/util_rules/targets.py
pantsbuild/pants,src/python/pants/backend/scala/bsp/spec.py,src/python/pants/bsp/protocol.py
pantsbuild/pants,src/python/pants/backend/scala/bsp/spec.py,src/python/pants/bsp/spec.py
astropy/photutils,photutils/aperture/core.py,photutils/centroids/core.py
astropy/photutils,photutils/aperture/circle.py,photutils/centroids/core.py
astropy/photutils,photutils/aperture/ellipse.py,photutils/centroids/core.py
astropy/photutils,photutils/segmentation/core.py,photutils/centroids/core.py
astropy/photutils,photutils/aperture/rectangle.py,photutils/centroids/core.py
mdiller/MangoByte,cogs/mangocog.py,cogs/dotabase.py
mdiller/MangoByte,cogs/mangocog.py,cogs/general.py
mdiller/MangoByte,cogs/mangocog.py,cogs/dotastats.py
mdiller/MangoByte,cogs/mangocog.py,mangobyte.py
jhpyle/docassemble,docassemble_demo/setup.py,docassemble_webapp/docassemble/webapp/server.py
jhpyle/docassemble,docassemble_base/docassemble/base/__init__.py,docassemble_webapp/docassemble/webapp/server.py
jhpyle/docassemble,docassemble_demo/docassemble/demo/__init__.py,docassemble_webapp/docassemble/webapp/server.py
jhpyle/docassemble,docassemble_webapp/docassemble/webapp/__init__.py,docassemble_webapp/docassemble/webapp/server.py
jeanslack/Videomass,videomass/vdms_utils/utils.py,videomass/vdms_io/make_filelog.py
jeanslack/Videomass,videomass/vdms_utils/utils.py,videomass/vdms_main/main_frame.py
jeanslack/Videomass,videomass/vdms_utils/utils.py,videomass/vdms_sys/msg_info.py
jeanslack/Videomass,videomass/vdms_utils/utils.py,videomass/vdms_threads/ffplay_file.py
jeanslack/Videomass,videomass/vdms_utils/utils.py,videomass/vdms_threads/two_pass.py
jeanslack/Videomass,videomass/vdms_utils/utils.py,videomass/vdms_dialogs/infoprg.py
jeanslack/Videomass,videomass/vdms_utils/utils.py,videomass/vdms_io/io_tools.py
jeanslack/Videomass,videomass/vdms_utils/utils.py,videomass/vdms_panels/choose_topic.py
jeanslack/Videomass,videomass/vdms_utils/utils.py,videomass/vdms_sys/configurator.py
jeanslack/Videomass,videomass/vdms_panels/filedrop.py,videomass/vdms_sys/configurator.py
jeanslack/Videomass,videomass/vdms_panels/filedrop.py,videomass/vdms_sys/msg_info.py
jeanslack/Videomass,videomass/vdms_panels/filedrop.py,videomass/vdms_threads/ffplay_file.py
jeanslack/Videomass,videomass/vdms_panels/filedrop.py,videomass/vdms_panels/choose_topic.py
jeanslack/Videomass,videomass/vdms_panels/filedrop.py,videomass/vdms_dialogs/infoprg.py
jeanslack/Videomass,videomass/vdms_panels/filedrop.py,videomass/vdms_io/io_tools.py
jeanslack/Videomass,videomass/vdms_panels/filedrop.py,videomass/vdms_io/make_filelog.py
jeanslack/Videomass,videomass/vdms_panels/filedrop.py,videomass/vdms_threads/two_pass.py
jeanslack/Videomass,videomass/vdms_panels/filedrop.py,videomass/vdms_main/main_frame.py
jeanslack/Videomass,videomass/vdms_threads/ffplay_url.py,videomass/vdms_sys/configurator.py
jeanslack/Videomass,videomass/vdms_threads/ffplay_url.py,videomass/vdms_sys/msg_info.py
jeanslack/Videomass,videomass/vdms_threads/ffplay_url.py,videomass/vdms_panels/choose_topic.py
jeanslack/Videomass,videomass/vdms_threads/ffplay_url.py,videomass/vdms_main/main_frame.py
jeanslack/Videomass,videomass/vdms_threads/ffplay_url.py,videomass/vdms_dialogs/infoprg.py
jeanslack/Videomass,videomass/vdms_threads/ffplay_url.py,videomass/vdms_io/make_filelog.py
jeanslack/Videomass,videomass/vdms_threads/ffplay_url.py,videomass/vdms_threads/two_pass.py
jeanslack/Videomass,videomass/vdms_threads/ffplay_url.py,videomass/vdms_threads/ffplay_file.py
jeanslack/Videomass,videomass/vdms_threads/ffplay_url.py,videomass/vdms_io/io_tools.py
jeanslack/Videomass,videomass/vdms_dialogs/preferences.py,videomass/vdms_threads/appimage_updater.py
jeanslack/Videomass,videomass/vdms_dialogs/preferences.py,videomass/vdms_threads/ffprobe.py
jeanslack/Videomass,videomass/vdms_sys/settings_manager.py,videomass/vdms_threads/ffprobe.py
jeanslack/Videomass,videomass/vdms_sys/settings_manager.py,videomass/vdms_threads/appimage_updater.py
julien6387/supvisors,supvisors/supvisorsctl.py,supvisors/listener.py
bbfrederick/rapidtide,rapidtide/workflows/rapidtide_parser.py,rapidtide/workflows/rapidtide.py
sqlalchemy/sqlalchemy,lib/sqlalchemy/sql/dml.py,lib/sqlalchemy/sql/selectable.py
sqlalchemy/sqlalchemy,lib/sqlalchemy/orm/base.py,lib/sqlalchemy/sql/selectable.py
sqlalchemy/sqlalchemy,lib/sqlalchemy/orm/query.py,lib/sqlalchemy/engine/base.py
sqlalchemy/sqlalchemy,lib/sqlalchemy/orm/query.py,lib/sqlalchemy/engine/__init__.py
sqlalchemy/sqlalchemy,lib/sqlalchemy/orm/query.py,lib/sqlalchemy/ext/associationproxy.py
sqlalchemy/sqlalchemy,lib/sqlalchemy/orm/query.py,lib/sqlalchemy/engine/default.py
sqlalchemy/sqlalchemy,lib/sqlalchemy/orm/query.py,lib/sqlalchemy/orm/mapper.py
sqlalchemy/sqlalchemy,lib/sqlalchemy/sql/roles.py,lib/sqlalchemy/engine/row.py
sqlalchemy/sqlalchemy,lib/sqlalchemy/sql/type_api.py,lib/sqlalchemy/sql/selectable.py
sqlalchemy/sqlalchemy,lib/sqlalchemy/orm/attributes.py,lib/sqlalchemy/orm/mapper.py
sqlalchemy/sqlalchemy,lib/sqlalchemy/orm/attributes.py,lib/sqlalchemy/engine/base.py
sqlalchemy/sqlalchemy,lib/sqlalchemy/orm/attributes.py,lib/sqlalchemy/engine/__init__.py
sqlalchemy/sqlalchemy,lib/sqlalchemy/orm/attributes.py,lib/sqlalchemy/engine/default.py
sqlalchemy/sqlalchemy,lib/sqlalchemy/orm/attributes.py,lib/sqlalchemy/ext/associationproxy.py
sqlalchemy/sqlalchemy,lib/sqlalchemy/orm/interfaces.py,lib/sqlalchemy/engine/__init__.py
sqlalchemy/sqlalchemy,lib/sqlalchemy/orm/interfaces.py,lib/sqlalchemy/engine/default.py
sqlalchemy/sqlalchemy,lib/sqlalchemy/orm/interfaces.py,lib/sqlalchemy/orm/mapper.py
sqlalchemy/sqlalchemy,lib/sqlalchemy/orm/interfaces.py,lib/sqlalchemy/engine/base.py
sqlalchemy/sqlalchemy,lib/sqlalchemy/orm/interfaces.py,lib/sqlalchemy/ext/associationproxy.py
paulbrodersen/netgraph,netgraph/_interactive_variants.py,netgraph/__init__.py
paulbrodersen/netgraph,netgraph/_interactive_variants.py,setup.py
jim-easterbrook/Photini,src/photini/pyqt.py,src/photini/uploader.py
jim-easterbrook/Photini,src/photini/address.py,src/photini/exiv2.py
nilouco/dpAutoRigSystem,dpAutoRigSystem/Extras/dpHeadDeformer.py,dpAutoRigSystem/dpAutoRig.py
sissaschool/elementpath,elementpath/xpath30/xpath30_parser.py,elementpath/xpath2/xpath2_functions.py
sissaschool/elementpath,elementpath/xpath30/xpath30_parser.py,elementpath/xpath1/xpath1_parser.py
crosscompute/crosscompute,crosscompute/__init__.py,crosscompute/exceptions.py
jclgoodwin/bustimes.org.uk,vehicles/models.py,vehicles/views.py
jclgoodwin/bustimes.org.uk,vehicles/management/commands/import_bod_avl.py,bustimes/management/commands/import_bod.py
platformio/platformio-core,platformio/__init__.py,setup.py
StartupsPoleEmploi/labonneboite,labonneboite/conf/common/settings_common.py,labonneboite/common/models/office.py
EducationalTestingService/rsmtool,rsmtool/preprocessor.py,rsmtool/configuration_parser.py
great-expectations/great_expectations,great_expectations/rule_based_profiler/types/builder.py,great_expectations/rule_based_profiler/types/parameter_container.py
great-expectations/great_expectations,great_expectations/rule_based_profiler/types/builder.py,great_expectations/rule_based_profiler/parameter_builder/mean_unexpected_map_metric_multi_batch_parameter_builder.py
great-expectations/great_expectations,great_expectations/rule_based_profiler/types/__init__.py,great_expectations/rule_based_profiler/types/parameter_container.py
great-expectations/great_expectations,great_expectations/rule_based_profiler/types/__init__.py,great_expectations/rule_based_profiler/parameter_builder/mean_unexpected_map_metric_multi_batch_parameter_builder.py
great-expectations/great_expectations,great_expectations/rule_based_profiler/domain_builder/map_metric_column_domain_builder.py,great_expectations/rule_based_profiler/parameter_builder/mean_unexpected_map_metric_multi_batch_parameter_builder.py
great-expectations/great_expectations,great_expectations/rule_based_profiler/domain_builder/map_metric_column_domain_builder.py,great_expectations/rule_based_profiler/types/parameter_container.py
